id,first_name,last_name,email,gender,ip_address
1,Wallas,Chantree,wchantree0@msn.com,Male,206.222.35.217
2,Gearard,Klezmski,gklezmski1@tamu.edu,Male,101.58.134.139
3,Mia,Mant,mmant2@nsw.gov.au,Female,64.144.7.18
4,Leann,Dearle-Palser,ldearlepalser3@jiathis.com,Female,26.255.208.192
5,Casie,Cissen,ccissen4@scribd.com,Female,71.159.180.246
6,Alfreda,Kelsey,akelsey5@netscape.com,Female,186.50.220.181
7,Man,Oret,moret6@prweb.com,Male,97.210.61.86
8,Louie,Bednall,lbednall7@reference.com,Male,175.194.44.77
9,Otho,Chomley,ochomley8@virginia.edu,Male,127.230.155.14
10,Crysta,Blewis,cblewis9@google.ca,Female,179.180.1.97
11,Emlynne,Flieger,efliegera@tiny.cc,Female,64.246.40.202
12,Sydney,Bevar,sbevarb@yandex.ru,Male,132.133.215.216
13,Say,Yve,syvec@businesswire.com,Male,46.209.211.57
14,Karine,Fink,kfinkd@ucsd.edu,Female,60.25.184.52
15,Calv,Estable,cestablee@baidu.com,Male,47.236.155.71
16,Clarabelle,Laugherane,claugheranef@illinois.edu,Female,135.125.23.235
17,Madlen,Sellman,msellmang@desdev.cn,Female,183.141.196.115
18,Arnaldo,Dayne,adayneh@purevolume.com,Male,134.121.51.143
19,Patrizio,Duffield,pduffieldi@oakley.com,Male,235.197.25.210
20,Julieta,Kiddy,jkiddyj@yahoo.com,Female,118.73.219.105
21,Pierce,Jelks,pjelksk@examiner.com,Male,196.89.204.190
22,Tracey,Ellerington,telleringtonl@angelfire.com,Male,193.108.16.59
23,Margette,Vlahos,mvlahosm@sfgate.com,Female,115.216.152.53
24,Almire,Demer,ademern@blinklist.com,Female,146.246.249.249
25,Avivah,Itschakov,aitschakovo@comsenz.com,Female,231.32.197.120
26,Konrad,Hember,khemberp@delicious.com,Male,248.137.39.213
27,Nikolai,Boulding,nbouldingq@cornell.edu,Male,54.14.13.99
28,Olympie,Sturley,osturleyr@indiegogo.com,Female,76.73.133.154
29,Seana,Agar,sagars@stumbleupon.com,Female,167.30.225.169
30,Tully,Petz,tpetzt@taobao.com,Male,169.40.56.115
31,Rab,Maryott,rmaryottu@studiopress.com,Male,226.138.85.243
32,Bennie,Jeandel,bjeandelv@addtoany.com,Female,50.187.47.198
33,Orsola,Reaman,oreamanw@fda.gov,Female,22.30.239.126
34,Riordan,Raper,rraperx@sun.com,Male,159.220.224.111
35,Forrest,Katte,fkattey@studiopress.com,Male,147.171.156.107
36,Petrina,Cappel,pcappelz@fc2.com,Female,155.252.108.73
37,Mort,Dunseath,mdunseath10@technorati.com,Male,11.196.51.8
38,Burke,Simonyi,bsimonyi11@creativecommons.org,Male,70.140.244.21
39,Nellie,Mc Ilory,nmcilory12@webeden.co.uk,Female,83.86.208.89
40,Rockey,Trinbey,rtrinbey13@wunderground.com,Male,214.133.200.42
41,Charlean,Fairweather,cfairweather14@sun.com,Female,168.211.116.69
42,Bordy,Feld,bfeld15@home.pl,Male,33.255.245.118
43,Jada,Navarijo,jnavarijo16@jimdo.com,Female,147.185.184.15
44,Danit,Purkess,dpurkess17@webmd.com,Female,125.146.64.92
45,Anatollo,Pember,apember18@narod.ru,Male,42.150.98.13
46,Giustino,Stollmeyer,gstollmeyer19@rediff.com,Male,234.153.171.67
47,D'arcy,Gonzalez,dgonzalez1a@ocn.ne.jp,Male,119.109.181.203
48,Hazel,Pottberry,hpottberry1b@usa.gov,Male,86.178.161.24
49,Malchy,Toone,mtoone1c@lulu.com,Male,151.192.220.34
50,Rip,Niese,rniese1d@vk.com,Male,65.183.248.99
51,Hilarius,Parton,hparton1e@google.co.jp,Male,3.153.112.23
52,Malvina,Crisall,mcrisall1f@stumbleupon.com,Female,134.120.153.51
53,Rutter,Hamley,rhamley1g@exblog.jp,Male,3.200.104.74
54,Benoite,Balnave,bbalnave1h@thetimes.co.uk,Female,20.222.196.151
55,Lyle,Stieger,lstieger1i@earthlink.net,Male,254.65.9.202
56,Jo,Brunning,jbrunning1j@123-reg.co.uk,Female,165.165.229.6
57,Margarette,Kimbley,mkimbley1k@de.vu,Female,53.173.55.217
58,Vilma,Landeg,vlandeg1l@mayoclinic.com,Female,37.213.239.183
59,Brandea,O'Mahoney,bomahoney1m@java.com,Female,157.32.200.151
60,Creight,Hancell,chancell1n@google.com.hk,Male,240.102.35.235
61,Barbra,Parkes,bparkes1o@washington.edu,Female,128.67.245.183
62,Bianka,Randerson,branderson1p@moonfruit.com,Female,0.99.230.161
63,Giselbert,Thornley,gthornley1q@google.es,Male,21.183.20.27
64,Candida,Braniff,cbraniff1r@bizjournals.com,Female,41.144.57.104
65,Pall,Pettitt,ppettitt1s@gov.uk,Male,35.54.212.103
66,Hebert,Carsberg,hcarsberg1t@dailymail.co.uk,Male,40.166.39.230
67,Alex,McGeechan,amcgeechan1u@wikispaces.com,Male,126.199.203.8
68,Kev,Strudwick,kstrudwick1v@facebook.com,Male,17.141.91.85
69,Morgen,Eddins,meddins1w@gnu.org,Female,42.99.147.38
70,Kit,Hazael,khazael1x@arizona.edu,Female,38.200.149.130
71,Neddie,Sandey,nsandey1y@noaa.gov,Male,168.218.120.35
72,Daffi,Primo,dprimo1z@mashable.com,Female,138.121.179.204
73,Ardra,Herety,aherety20@discuz.net,Female,60.16.246.141
74,Matthaeus,Carl,mcarl21@about.com,Male,46.19.205.163
75,Ambros,Joost,ajoost22@wp.com,Male,143.103.70.84
76,Kenna,Ferrarotti,kferrarotti23@elpais.com,Female,180.194.255.178
77,Mechelle,Snailham,msnailham24@hud.gov,Female,245.178.136.174
78,Kalila,Berks,kberks25@wsj.com,Female,4.113.81.150
79,Perice,Bruntjen,pbruntjen26@amazon.com,Male,203.230.187.81
80,Franchot,Cawthera,fcawthera27@trellian.com,Male,133.254.119.69
81,Tasia,Nosworthy,tnosworthy28@ucoz.com,Female,42.225.226.170
82,Jonathan,Worling,jworling29@fda.gov,Male,37.101.247.223
83,Vaughn,Aaronson,vaaronson2a@java.com,Male,225.79.205.32
84,Eadie,Kochl,ekochl2b@alibaba.com,Female,109.178.199.164
85,Jeremiah,Silvermann,jsilvermann2c@tripadvisor.com,Male,59.179.248.104
86,Brigitta,Pidgley,bpidgley2d@barnesandnoble.com,Female,197.76.16.158
87,Vite,Oughton,voughton2e@google.cn,Male,114.110.170.3
88,Claribel,Dondon,cdondon2f@elpais.com,Female,111.94.82.187
89,Nathan,Harrinson,nharrinson2g@4shared.com,Male,49.253.183.124
90,Stillmann,Sprionghall,ssprionghall2h@gnu.org,Male,226.179.80.153
91,Denney,Antonucci,dantonucci2i@t.co,Male,248.181.195.91
92,Jessey,Kusick,jkusick2j@elegantthemes.com,Male,124.113.72.35
93,Aldis,Hewell,ahewell2k@msn.com,Male,74.74.136.206
94,Toinette,Fargher,tfargher2l@twitter.com,Female,250.78.128.153
95,Joline,Faulconbridge,jfaulconbridge2m@blogtalkradio.com,Female,245.69.141.43
96,Artemas,Baff,abaff2n@quantcast.com,Male,168.116.208.227
97,Bondie,Venneur,bvenneur2o@zimbio.com,Male,208.104.69.115
98,Sophey,Kolodziej,skolodziej2p@sfgate.com,Female,107.149.248.39
99,Stephine,Dooman,sdooman2q@globo.com,Female,237.223.120.142
100,Vevay,Butterfint,vbutterfint2r@google.de,Female,196.178.55.171
101,Abie,Kuller,akuller2s@slate.com,Male,248.128.146.44
102,Walton,Meaney,wmeaney2t@nymag.com,Male,179.242.228.223
103,Neila,Cossem,ncossem2u@imageshack.us,Female,220.227.209.218
104,Deborah,Cowan,dcowan2v@independent.co.uk,Female,17.198.50.167
105,Rutger,Monteith,rmonteith2w@last.fm,Male,110.188.253.62
106,Fonzie,Heisham,fheisham2x@joomla.org,Male,221.66.15.136
107,Korie,Jelphs,kjelphs2y@digg.com,Female,235.157.103.200
108,Patricio,Khidr,pkhidr2z@cyberchimps.com,Male,153.75.204.163
109,Gerri,Bowland,gbowland30@xing.com,Male,232.110.245.171
110,Brodie,Hunter,bhunter31@tinypic.com,Male,49.95.67.114
111,Stacy,Trawin,strawin32@clickbank.net,Female,89.234.240.132
112,Aggie,Findlay,afindlay33@symantec.com,Female,1.94.13.38
113,Brennen,Boleyn,bboleyn34@creativecommons.org,Male,163.166.178.193
114,Hobey,Sexon,hsexon35@sphinn.com,Male,205.213.56.40
115,Megen,Kern,mkern36@mlb.com,Female,92.230.22.110
116,Errick,Balogh,ebalogh37@seesaa.net,Male,250.65.204.79
117,Lion,Panichelli,lpanichelli38@va.gov,Male,233.19.130.145
118,Erena,Chopin,echopin39@geocities.com,Female,192.108.38.199
119,Kathi,Casin,kcasin3a@un.org,Female,159.232.21.247
120,Land,Vurley,lvurley3b@phoca.cz,Male,75.167.82.212
121,Wakefield,Wigfall,wwigfall3c@geocities.jp,Male,180.96.104.184
122,Issi,Jancso,ijancso3d@histats.com,Female,58.74.155.38
123,Heriberto,Lascelles,hlascelles3e@examiner.com,Male,162.93.56.0
124,Idalina,Udall,iudall3f@surveymonkey.com,Female,252.70.80.113
125,Van,Avon,vavon3g@barnesandnoble.com,Female,20.51.79.123
126,Karyl,Greasley,kgreasley3h@cisco.com,Female,225.146.131.237
127,Pail,Dulwitch,pdulwitch3i@dedecms.com,Male,70.32.153.58
128,Brandy,Royall,broyall3j@samsung.com,Female,248.139.33.56
129,Glynn,Cokely,gcokely3k@wikispaces.com,Male,163.97.2.63
130,Worthy,Braidon,wbraidon3l@dedecms.com,Male,70.212.99.219
131,Roth,Bardwall,rbardwall3m@ihg.com,Male,165.158.117.204
132,Dannie,Yurchenko,dyurchenko3n@youtube.com,Male,145.240.12.83
133,Esdras,Passmore,epassmore3o@twitpic.com,Male,181.174.205.173
134,Barbee,Arthey,barthey3p@ucoz.com,Female,51.125.53.61
135,Giorgia,Summerlie,gsummerlie3q@networksolutions.com,Female,239.222.47.178
136,Peirce,Poetz,ppoetz3r@jalbum.net,Male,144.11.254.53
137,Sheff,Matieu,smatieu3s@indiegogo.com,Male,38.131.37.222
138,Emmerich,Potteridge,epotteridge3t@a8.net,Male,123.130.144.206
139,Meggie,McGeouch,mmcgeouch3u@constantcontact.com,Female,244.162.244.97
140,Oralle,Harmon,oharmon3v@shareasale.com,Female,99.91.97.56
141,Gerry,Doorey,gdoorey3w@odnoklassniki.ru,Male,23.182.118.180
142,Krisha,Petracek,kpetracek3x@twitter.com,Male,15.172.13.236
143,Maryrose,Ashburne,mashburne3y@paypal.com,Female,238.40.21.118
144,Ursala,Keay,ukeay3z@wufoo.com,Female,194.119.193.91
145,Ramsey,Ong,rong40@wikimedia.org,Male,134.33.237.19
146,Gris,Vass,gvass41@biblegateway.com,Male,244.9.171.110
147,Rosa,Petrusch,rpetrusch42@drupal.org,Female,152.2.30.229
148,Rita,Pringell,rpringell43@bizjournals.com,Female,91.205.94.60
149,Loree,Winslade,lwinslade44@wiley.com,Female,117.38.214.220
150,Eal,Mabbot,emabbot45@tiny.cc,Male,243.54.102.176
151,Tamas,Mifflin,tmifflin46@seattletimes.com,Male,195.17.10.241
152,Garvey,Allanson,gallanson47@biglobe.ne.jp,Male,26.16.104.101
153,Isak,Finney,ifinney48@chicagotribune.com,Male,52.187.105.65
154,Becky,Leggat,bleggat49@nsw.gov.au,Female,202.246.242.239
155,Jayson,Cansfield,jcansfield4a@irs.gov,Male,187.152.208.140
156,Rosabelle,Oseman,roseman4b@latimes.com,Female,134.191.248.211
157,Kellen,Gosart,kgosart4c@newsvine.com,Male,65.157.173.153
158,Erskine,Applewhite,eapplewhite4d@who.int,Male,158.13.107.191
159,Iain,Penbarthy,ipenbarthy4e@behance.net,Male,252.121.148.58
160,Brockie,Lindenbaum,blindenbaum4f@sun.com,Male,35.143.41.146
161,Harlie,Shevill,hshevill4g@goo.ne.jp,Female,243.70.233.47
162,Cynde,Sueter,csueter4h@discuz.net,Female,46.161.18.133
163,Arte,Meredith,ameredith4i@usatoday.com,Male,255.240.139.16
164,Nerti,Le Guin,nleguin4j@home.pl,Female,236.46.23.54
165,Kikelia,Durtnel,kdurtnel4k@blogspot.com,Female,10.48.208.128
166,Bernardine,Pudsey,bpudsey4l@usda.gov,Female,30.144.179.160
167,Meara,Aidler,maidler4m@ask.com,Female,228.4.173.253
168,Kristo,Calf,kcalf4n@pbs.org,Male,235.216.179.77
169,Haskel,Gateman,hgateman4o@whitehouse.gov,Male,32.195.225.54
170,Loralie,McElwee,lmcelwee4p@issuu.com,Female,216.247.116.254
171,Alfie,Baynam,abaynam4q@soundcloud.com,Male,182.20.125.192
172,Rosene,Van der Velde,rvandervelde4r@usda.gov,Female,119.73.217.255
173,Bekki,Cozzi,bcozzi4s@bluehost.com,Female,232.157.15.51
174,Anni,Fearey,afearey4t@pen.io,Female,1.129.176.126
175,Myrle,Jalland,mjalland4u@businesswire.com,Female,92.47.209.157
176,Knox,Boots,kboots4v@answers.com,Male,146.145.172.26
177,Karim,Peron,kperon4w@patch.com,Male,245.211.210.109
178,Connie,Tym,ctym4x@youtu.be,Female,241.190.219.76
179,Shelley,Latan,slatan4y@g.co,Male,115.164.46.28
180,Giavani,Baruch,gbaruch4z@taobao.com,Male,163.30.224.158
181,Lindsey,Firman,lfirman50@answers.com,Female,243.7.109.141
182,Wenona,Portigall,wportigall51@sciencedaily.com,Female,218.228.223.254
183,Mathew,Carlaw,mcarlaw52@live.com,Male,87.103.79.195
184,Alleyn,Lerego,alerego53@craigslist.org,Male,188.12.14.254
185,Barn,Gudeman,bgudeman54@ted.com,Male,42.205.56.236
186,Sella,Marjanski,smarjanski55@bloomberg.com,Female,243.140.180.249
187,Simmonds,Becker,sbecker56@people.com.cn,Male,94.186.117.39
188,Sharlene,Seilmann,sseilmann57@shop-pro.jp,Female,65.139.85.96
189,Audra,Olfert,aolfert58@themeforest.net,Female,53.69.17.133
190,Christophorus,Ambridge,cambridge59@hud.gov,Male,178.2.213.172
191,Elena,Birchenough,ebirchenough5a@1688.com,Female,96.17.159.176
192,Sherm,Kuschek,skuschek5b@clickbank.net,Male,94.29.244.18
193,Bordie,Brombell,bbrombell5c@exblog.jp,Male,230.74.87.224
194,Veronica,Fotheringham,vfotheringham5d@ovh.net,Female,122.53.156.23
195,Mauricio,Crinkley,mcrinkley5e@usgs.gov,Male,127.177.164.226
196,Riobard,Elcomb,relcomb5f@latimes.com,Male,27.120.238.107
197,Kinny,Kayes,kkayes5g@imdb.com,Male,184.104.17.83
198,Bellanca,Jupp,bjupp5h@sina.com.cn,Female,105.53.119.60
199,Jamima,Letessier,jletessier5i@people.com.cn,Female,96.58.114.89
200,Pacorro,Gaythwaite,pgaythwaite5j@trellian.com,Male,7.43.159.35
201,Berti,Peacop,bpeacop5k@toplist.cz,Female,89.181.55.89
202,Laryssa,Borman,lborman5l@princeton.edu,Female,169.87.245.183
203,Ula,Tommaseo,utommaseo5m@is.gd,Female,5.225.160.22
204,Louella,Slarke,lslarke5n@free.fr,Female,1.254.13.221
205,Fairleigh,Petrasek,fpetrasek5o@ycombinator.com,Male,140.152.234.138
206,Thorndike,Frede,tfrede5p@pbs.org,Male,110.174.154.223
207,Sauveur,Mossman,smossman5q@go.com,Male,97.170.254.47
208,Betsy,Westmorland,bwestmorland5r@shareasale.com,Female,93.238.152.120
209,Walden,Mattersley,wmattersley5s@phpbb.com,Male,133.208.195.186
210,Skippie,Causbey,scausbey5t@instagram.com,Male,36.236.14.34
211,Chadd,Coggill,ccoggill5u@nps.gov,Male,76.252.114.149
212,Cosme,Heskey,cheskey5v@shop-pro.jp,Male,34.105.87.218
213,Jordain,Gayther,jgayther5w@jigsy.com,Female,124.160.163.11
214,Augustine,Dohrmann,adohrmann5x@mozilla.com,Male,213.253.245.174
215,Buddie,Foulks,bfoulks5y@meetup.com,Male,162.8.243.217
216,Mavis,Fulle,mfulle5z@wsj.com,Female,170.230.244.117
217,Doralynn,Ashling,dashling60@dmoz.org,Female,55.228.186.103
218,Kara-lynn,Lohden,klohden61@bloglines.com,Female,24.81.247.180
219,Leonerd,Swinn,lswinn62@fc2.com,Male,165.23.87.190
220,Dallon,Sandison,dsandison63@upenn.edu,Male,134.82.39.28
221,Reece,Walbrun,rwalbrun64@angelfire.com,Male,206.71.42.203
222,Brena,Dowtry,bdowtry65@canalblog.com,Female,28.162.127.46
223,Dulci,Costellow,dcostellow66@shinystat.com,Female,40.254.88.61
224,Lacey,Colston,lcolston67@bbb.org,Female,214.163.187.130
225,Enriqueta,Mumbeson,emumbeson68@ycombinator.com,Female,28.61.92.133
226,Alidia,Willoughway,awilloughway69@adobe.com,Female,246.102.50.122
227,Dieter,Hubbins,dhubbins6a@shop-pro.jp,Male,169.76.224.239
228,Valerye,Sumnall,vsumnall6b@netscape.com,Female,45.41.117.87
229,Joachim,Redholls,jredholls6c@slashdot.org,Male,231.126.110.77
230,Lorant,Narracott,lnarracott6d@xing.com,Male,131.210.111.192
231,Alex,Langford,alangford6e@senate.gov,Female,169.254.146.45
232,Boycie,Eton,beton6f@craigslist.org,Male,25.254.40.223
233,Errick,Tempest,etempest6g@google.es,Male,161.18.159.201
234,Pearl,Keighly,pkeighly6h@dedecms.com,Female,125.83.198.23
235,Jemmy,Davidesco,jdavidesco6i@sogou.com,Female,47.218.31.225
236,Deane,Fullagar,dfullagar6j@illinois.edu,Male,132.29.137.202
237,Eulalie,Passo,epasso6k@wired.com,Female,108.205.75.226
238,Orelle,Leeburn,oleeburn6l@yandex.ru,Female,14.171.207.207
239,Priscilla,Coraini,pcoraini6m@behance.net,Female,75.26.186.33
240,Darlene,Wait,dwait6n@delicious.com,Female,156.133.79.95
241,Julius,Glavin,jglavin6o@bizjournals.com,Male,221.37.118.250
242,Evangelia,Doble,edoble6p@mayoclinic.com,Female,10.153.62.214
243,Nani,Trickey,ntrickey6q@prnewswire.com,Female,248.212.252.244
244,Susi,Haldene,shaldene6r@360.cn,Female,206.82.63.185
245,Patty,Freyne,pfreyne6s@webs.com,Male,4.200.64.1
246,Garret,Tebbett,gtebbett6t@opera.com,Male,160.98.86.248
247,Vin,Firbanks,vfirbanks6u@illinois.edu,Male,152.107.143.218
248,Henrietta,Henningham,hhenningham6v@yolasite.com,Female,100.251.209.142
249,Marshal,Sorbey,msorbey6w@google.com.br,Male,82.82.246.230
250,Krysta,Lightewood,klightewood6x@about.me,Female,186.238.178.9
251,Elijah,Pentycross,epentycross6y@t-online.de,Male,225.251.128.83
252,Marcelia,Hartwell,mhartwell6z@netlog.com,Female,250.113.200.147
253,Franklin,Perello,fperello70@yahoo.co.jp,Male,234.153.125.244
254,Juli,Tylor,jtylor71@nbcnews.com,Female,128.86.31.101
255,Giralda,O'Reilly,goreilly72@yelp.com,Female,240.213.208.193
256,Tobe,Schoolcroft,tschoolcroft73@shutterfly.com,Male,183.92.158.81
257,Tamqrah,Trenholme,ttrenholme74@google.ru,Female,19.193.175.142
258,Trula,Haddinton,thaddinton75@dropbox.com,Female,173.220.113.182
259,Ginelle,MacIntosh,gmacintosh76@mediafire.com,Female,170.178.34.123
260,Starlene,Muttitt,smuttitt77@irs.gov,Female,222.230.81.34
261,Hedy,Kaine,hkaine78@tuttocitta.it,Female,88.89.114.42
262,Bern,Recke,brecke79@economist.com,Male,252.174.92.32
263,Bernard,Seifenmacher,bseifenmacher7a@bloglovin.com,Male,50.18.133.26
264,Rodolfo,Hains,rhains7b@goodreads.com,Male,115.151.179.75
265,Tucker,Algy,talgy7c@telegraph.co.uk,Male,238.183.122.105
266,Karyn,Summersett,ksummersett7d@weather.com,Female,203.119.84.120
267,Lilias,Pattrick,lpattrick7e@bing.com,Female,175.68.34.148
268,Dorolisa,Hourstan,dhourstan7f@census.gov,Female,103.60.226.236
269,Alfred,Guiduzzi,aguiduzzi7g@google.ca,Male,223.158.179.189
270,Benedicto,Cordobes,bcordobes7h@sciencedaily.com,Male,188.5.117.186
271,Sherill,Lown,slown7i@buzzfeed.com,Female,40.151.233.117
272,Fedora,Hazard,fhazard7j@nasa.gov,Female,203.126.190.72
273,Bartram,Sibary,bsibary7k@who.int,Male,239.107.201.95
274,Rufus,Willoughley,rwilloughley7l@nps.gov,Male,53.57.83.89
275,Concordia,Garvey,cgarvey7m@furl.net,Female,211.33.50.49
276,Kyle,Sonier,ksonier7n@yellowpages.com,Female,7.158.136.26
277,Yardley,Derrick,yderrick7o@ucsd.edu,Male,57.196.108.171
278,Delphinia,Fullegar,dfullegar7p@adobe.com,Female,201.53.213.252
279,Cristiano,Roston,croston7q@cocolog-nifty.com,Male,98.60.51.73
280,Elicia,Coppins,ecoppins7r@abc.net.au,Female,2.138.77.188
281,Peyton,Roscher,proscher7s@tinypic.com,Male,178.131.205.190
282,Sandra,Fourman,sfourman7t@jimdo.com,Female,104.58.150.231
283,Arnaldo,Trumper,atrumper7u@stanford.edu,Male,52.222.99.207
284,Kiele,Mossdale,kmossdale7v@godaddy.com,Female,158.116.70.252
285,Antonius,Dy,ady7w@arstechnica.com,Male,72.143.187.128
286,Caralie,Thredder,cthredder7x@cisco.com,Female,96.36.81.93
287,Elinore,Altham,ealtham7y@over-blog.com,Female,246.44.142.14
288,Kahaleel,Dorrity,kdorrity7z@dagondesign.com,Male,2.96.32.159
289,Bev,Wheal,bwheal80@usda.gov,Female,125.93.193.61
290,Maddi,Pigden,mpigden81@storify.com,Female,165.237.200.66
291,Gipsy,Daal,gdaal82@wunderground.com,Female,224.59.118.136
292,Bethena,Albion,balbion83@creativecommons.org,Female,252.56.224.94
293,Hewet,Shucksmith,hshucksmith84@skype.com,Male,50.51.100.11
294,Antony,Hacksby,ahacksby85@prlog.org,Male,237.20.247.190
295,Lanie,Yearsley,lyearsley86@technorati.com,Male,20.94.80.8
296,Nicolle,Dillingston,ndillingston87@redcross.org,Female,96.159.68.39
297,Padriac,Postan,ppostan88@usnews.com,Male,133.57.44.80
298,Reinaldos,Northedge,rnorthedge89@marriott.com,Male,133.100.146.183
299,Mordy,Oldroyde,moldroyde8a@nasa.gov,Male,151.133.108.79
300,Grace,Nichols,gnichols8b@jiathis.com,Female,34.20.30.240
301,Melinde,Lillford,mlillford8c@about.com,Female,167.83.17.215
302,Monte,Hulburd,mhulburd8d@hc360.com,Male,107.10.68.216
303,Polly,Bolter,pbolter8e@google.cn,Female,202.205.21.41
304,Auberon,Camin,acamin8f@tamu.edu,Male,117.180.0.196
305,Arlie,Sausman,asausman8g@walmart.com,Female,224.59.115.125
306,Boniface,Moralas,bmoralas8h@apple.com,Male,144.252.75.115
307,Toiboid,Guesford,tguesford8i@webeden.co.uk,Male,170.246.135.48
308,Fraze,Stredder,fstredder8j@wsj.com,Male,85.35.252.226
309,Brennen,O'Cosgra,bocosgra8k@salon.com,Male,213.56.61.133
310,Olin,Illwell,oillwell8l@de.vu,Male,97.225.129.171
311,Jesse,Pritchett,jpritchett8m@de.vu,Male,150.129.1.252
312,Leonardo,Matveichev,lmatveichev8n@examiner.com,Male,202.36.254.200
313,Alan,Dubs,adubs8o@blinklist.com,Male,119.54.113.1
314,Horatio,Mattiazzi,hmattiazzi8p@cbsnews.com,Male,221.6.224.222
315,Nedda,Stears,nstears8q@gmpg.org,Female,68.18.193.125
316,Horton,Merrgen,hmerrgen8r@nbcnews.com,Male,38.163.55.211
317,Berty,Perring,bperring8s@cornell.edu,Male,75.32.174.202
318,Nell,McMichael,nmcmichael8t@indiegogo.com,Female,211.4.191.131
319,Crissie,Yardy,cyardy8u@w3.org,Female,125.88.122.65
320,Randell,Dodsley,rdodsley8v@delicious.com,Male,144.19.213.2
321,Worth,Fitzmaurice,wfitzmaurice8w@devhub.com,Male,156.124.235.34
322,Louella,Davidow,ldavidow8x@wikipedia.org,Female,247.121.94.75
323,Torrance,Hakking,thakking8y@cbsnews.com,Male,94.180.72.218
324,Brandon,Laffin,blaffin8z@cnbc.com,Male,192.210.79.32
325,Lela,Whitnall,lwhitnall90@hubpages.com,Female,136.8.133.237
326,Annabal,Islep,aislep91@sun.com,Female,173.246.39.157
327,Malissia,MacCarlich,mmaccarlich92@google.com.hk,Female,241.2.12.146
328,Talya,Cosgrave,tcosgrave93@ucoz.com,Female,183.77.118.110
329,Olivia,Shellard,oshellard94@cargocollective.com,Female,59.198.11.75
330,Esteban,Baskerfield,ebaskerfield95@webnode.com,Male,200.217.35.211
331,Analise,Auston,aauston96@dyndns.org,Female,0.164.227.72
332,Iain,L'Hommeau,ilhommeau97@edublogs.org,Male,1.183.66.66
333,Balduin,Demare,bdemare98@istockphoto.com,Male,149.243.239.217
334,Antone,Laughnan,alaughnan99@ted.com,Male,202.25.0.181
335,Garek,Kidgell,gkidgell9a@t-online.de,Male,91.11.55.20
336,Dorita,Dempster,ddempster9b@hp.com,Female,104.237.132.39
337,Nero,Gillard,ngillard9c@businessinsider.com,Male,152.28.0.252
338,Estrellita,Cotes,ecotes9d@google.nl,Female,84.98.233.209
339,Nestor,McDermot,nmcdermot9e@odnoklassniki.ru,Male,127.139.16.57
340,Maggie,Wildsmith,mwildsmith9f@techcrunch.com,Female,13.204.208.124
341,Fulton,Dowderswell,fdowderswell9g@ycombinator.com,Male,188.199.25.23
342,Yale,Allwright,yallwright9h@deliciousdays.com,Male,112.42.105.239
343,Adrien,O'Bradane,aobradane9i@blogs.com,Male,185.64.63.245
344,Sax,Shade,sshade9j@hubpages.com,Male,18.217.6.164
345,Rochette,McGivena,rmcgivena9k@quantcast.com,Female,161.109.196.150
346,Carolyn,Joire,cjoire9l@shutterfly.com,Female,43.146.162.77
347,Niccolo,Astlatt,nastlatt9m@fda.gov,Male,227.188.135.237
348,Demetrius,Pigne,dpigne9n@ca.gov,Male,239.255.62.18
349,Regina,Spry,rspry9o@mail.ru,Female,17.54.62.199
350,Sharon,Whittlesey,swhittlesey9p@webmd.com,Female,191.100.98.165
351,Berte,Priver,bpriver9q@ifeng.com,Female,14.190.227.87
352,Sheri,Sancraft,ssancraft9r@cbslocal.com,Female,199.46.115.194
353,Bartie,Boyd,bboyd9s@phpbb.com,Male,139.13.191.81
354,Dina,Fearnill,dfearnill9t@1und1.de,Female,93.133.91.43
355,Rudie,Franscioni,rfranscioni9u@quantcast.com,Male,185.149.115.73
356,Olva,Luipold,oluipold9v@sfgate.com,Female,73.244.240.94
357,Farica,Gamwell,fgamwell9w@alexa.com,Female,184.170.170.209
358,Randy,Joselin,rjoselin9x@ocn.ne.jp,Female,80.98.246.40
359,Ashien,Synnott,asynnott9y@nba.com,Female,122.117.165.37
360,Gwenette,Waight,gwaight9z@prlog.org,Female,54.156.126.11
361,Clayton,Baradel,cbaradela0@chronoengine.com,Male,98.123.1.162
362,Desdemona,Gowan,dgowana1@dell.com,Female,233.42.27.51
363,Cleve,Yakobowitch,cyakobowitcha2@phpbb.com,Male,127.136.196.55
364,Lazaro,Wikey,lwikeya3@army.mil,Male,204.228.136.141
365,Kris,Chrichton,kchrichtona4@cmu.edu,Female,94.58.112.229
366,Rebbecca,Benedicto,rbenedictoa5@tuttocitta.it,Female,101.184.136.222
367,Salomon,Belchambers,sbelchambersa6@so-net.ne.jp,Male,150.237.58.33
368,Nessie,Leggin,nleggina7@lulu.com,Female,142.202.240.48
369,Patton,Iglesias,piglesiasa8@t.co,Male,208.155.106.76
370,Nevile,Berwick,nberwicka9@disqus.com,Male,61.207.89.7
371,Luce,Ricarde,lricardeaa@vistaprint.com,Male,94.41.216.248
372,Tore,Saltman,tsaltmanab@virginia.edu,Male,15.180.128.239
373,Garrard,Roches,grochesac@house.gov,Male,142.103.108.71
374,Michaelina,Maudlen,mmaudlenad@weebly.com,Female,108.120.171.176
375,Gayle,Pentin,gpentinae@joomla.org,Male,176.217.11.48
376,Anna,Playhill,aplayhillaf@desdev.cn,Female,182.251.136.180
377,Noach,Cornels,ncornelsag@phoca.cz,Male,85.9.71.56
378,Shanie,Arnaudi,sarnaudiah@abc.net.au,Female,198.79.87.142
379,Frannie,Rudloff,frudloffai@addthis.com,Female,104.24.205.222
380,Tatiana,Heddy,theddyaj@craigslist.org,Female,223.114.207.176
381,Lorine,Yerrill,lyerrillak@auda.org.au,Female,10.140.196.239
382,Nanon,Barber,nbarberal@dagondesign.com,Female,27.117.215.255
383,Wendel,Rarity,wrarityam@tamu.edu,Male,157.20.20.152
384,Ina,Joutapavicius,ijoutapaviciusan@google.es,Female,49.75.183.236
385,Andie,Hanhart,ahanhartao@mac.com,Male,154.21.213.19
386,Lilah,Durston,ldurstonap@google.com.hk,Female,93.177.111.162
387,Stacy,Joust,sjoustaq@tiny.cc,Female,148.173.184.53
388,Gilberta,Allebone,gallebonear@senate.gov,Female,38.121.179.235
389,Whitby,Phaup,wphaupas@google.es,Male,44.160.170.180
390,Delores,Verni,dverniat@163.com,Female,48.3.1.190
391,Maximilianus,Neames,mneamesau@quantcast.com,Male,105.178.74.203
392,Roosevelt,Staner,rstanerav@yahoo.com,Male,176.254.71.100
393,Nat,Joule,njouleaw@sitemeter.com,Male,11.148.147.145
394,Nobie,Yard,nyardax@woothemes.com,Male,234.12.103.89
395,Bobby,Ledwich,bledwichay@icq.com,Male,196.55.105.55
396,Janel,Mirfield,jmirfieldaz@sphinn.com,Female,47.50.136.144
397,Nadya,Greenland,ngreenlandb0@topsy.com,Female,109.86.62.94
398,Emma,Snawdon,esnawdonb1@army.mil,Female,242.76.188.112
399,Maxwell,Conklin,mconklinb2@creativecommons.org,Male,129.36.201.193
400,Janna,Wines,jwinesb3@mlb.com,Female,211.95.142.111
401,Bevon,Cutchey,bcutcheyb4@businessweek.com,Male,1.123.215.6
402,Lexine,Polden,lpoldenb5@moonfruit.com,Female,71.5.95.250
403,Marve,Musterd,mmusterdb6@webmd.com,Male,15.231.85.210
404,Hi,Sapson,hsapsonb7@census.gov,Male,207.185.74.44
405,Fredek,Dauncey,fdaunceyb8@mapquest.com,Male,53.63.212.112
406,Marya,Surplice,msurpliceb9@friendfeed.com,Female,183.221.158.177
407,Casie,Blackleech,cblackleechba@1688.com,Female,123.222.243.130
408,Danny,Riep,driepbb@yahoo.co.jp,Male,86.142.208.103
409,Andie,Domingues,adominguesbc@icq.com,Male,50.120.114.131
410,Andy,Hoolaghan,ahoolaghanbd@epa.gov,Male,77.45.117.56
411,Kathryn,Birth,kbirthbe@sina.com.cn,Female,52.178.131.207
412,Gordy,Portt,gporttbf@hugedomains.com,Male,26.23.55.200
413,Eberhard,Lopes,elopesbg@constantcontact.com,Male,72.189.242.191
414,Wilie,Higounet,whigounetbh@twitter.com,Female,91.212.34.89
415,Sadie,Dollard,sdollardbi@uol.com.br,Female,17.73.198.208
416,Gabe,Potebury,gpoteburybj@foxnews.com,Male,183.102.221.153
417,Ricky,Jojic,rjojicbk@discuz.net,Female,241.66.46.144
418,Jarred,Wildin,jwildinbl@wikia.com,Male,164.243.115.98
419,Sheffield,Banbrigge,sbanbriggebm@bloomberg.com,Male,84.80.113.64
420,Dede,Lye,dlyebn@reverbnation.com,Female,78.100.169.239
421,Roderick,Ince,rincebo@amazon.com,Male,112.79.165.117
422,Richardo,Guillard,rguillardbp@bbc.co.uk,Male,55.15.197.221
423,Maudie,Runge,mrungebq@technorati.com,Female,61.183.26.173
424,Mireille,Hoble,mhoblebr@histats.com,Female,254.71.94.255
425,Shelagh,Franz-Schoninger,sfranzschoningerbs@wordpress.com,Female,92.182.165.181
426,Barbra,Smalridge,bsmalridgebt@addthis.com,Female,134.157.5.227
427,Darcee,Ruoff,druoffbu@disqus.com,Female,62.58.134.31
428,Aloysius,Davley,adavleybv@devhub.com,Male,5.178.97.127
429,Bram,Sleicht,bsleichtbw@soup.io,Male,238.113.231.226
430,Ursa,Croson,ucrosonbx@i2i.jp,Female,23.212.104.97
431,Row,Gerdes,rgerdesby@tinypic.com,Female,95.188.177.167
432,Sashenka,Moakes,smoakesbz@vistaprint.com,Female,130.98.203.102
433,Torrin,Babbidge,tbabbidgec0@hugedomains.com,Male,46.158.51.126
434,Herminia,Windous,hwindousc1@bloomberg.com,Female,98.233.171.185
435,Faber,Ballinghall,fballinghallc2@home.pl,Male,43.61.143.18
436,Monika,Cleeton,mcleetonc3@example.com,Female,75.63.210.16
437,Gal,Segge,gseggec4@google.it,Male,235.61.24.176
438,Moritz,Sawforde,msawfordec5@state.tx.us,Male,159.170.176.253
439,Briney,Pridham,bpridhamc6@fotki.com,Female,6.7.89.226
440,Glyn,Burgoin,gburgoinc7@whitehouse.gov,Male,14.150.91.86
441,Tim,Jillis,tjillisc8@nba.com,Male,10.186.120.207
442,Sarah,Cossington,scossingtonc9@google.ru,Female,179.189.161.47
443,Timothee,Korous,tkorousca@pagesperso-orange.fr,Male,246.70.35.132
444,Car,Alenichev,calenichevcb@hubpages.com,Male,49.38.150.169
445,Heather,Keeney,hkeeneycc@ask.com,Female,134.197.157.248
446,Bettina,Colleck,bcolleckcd@facebook.com,Female,74.96.42.8
447,Kora,Usmar,kusmarce@salon.com,Female,247.204.167.107
448,Elle,Harker,eharkercf@deviantart.com,Female,234.31.6.207
449,Barthel,Elnaugh,belnaughcg@globo.com,Male,26.19.242.73
450,Henderson,Yakushkev,hyakushkevch@diigo.com,Male,134.28.128.254
451,Zeke,Shreve,zshreveci@xinhuanet.com,Male,126.201.124.143
452,Kamila,Simak,ksimakcj@economist.com,Female,241.67.64.127
453,Earvin,Tenby,etenbyck@nyu.edu,Male,14.131.159.205
454,Isidore,Coppins,icoppinscl@creativecommons.org,Male,173.146.7.25
455,Olivier,McLeman,omclemancm@e-recht24.de,Male,125.223.172.178
456,Beret,Pritchitt,bpritchittcn@dmoz.org,Female,109.115.208.151
457,Hildagarde,Oloshin,holoshinco@digg.com,Female,185.128.16.172
458,Wayland,Emslie,wemsliecp@columbia.edu,Male,209.40.23.150
459,Lenore,Kirdsch,lkirdschcq@nsw.gov.au,Female,160.233.157.179
460,Marve,Betteson,mbettesoncr@xing.com,Male,37.195.235.48
461,Markus,Mowat,mmowatcs@de.vu,Male,53.103.186.157
462,Friederike,Forrestall,fforrestallct@smh.com.au,Female,11.35.225.102
463,Kayne,Seakings,kseakingscu@google.ca,Male,132.115.232.83
464,Gwendolen,Fareweather,gfareweathercv@yandex.ru,Female,162.10.25.13
465,Merwyn,Grealy,mgrealycw@netscape.com,Male,48.170.86.66
466,Marielle,Bladesmith,mbladesmithcx@netvibes.com,Female,117.220.168.192
467,Isidore,Appleford,iapplefordcy@hp.com,Male,226.11.87.140
468,Vivyan,Billingsley,vbillingsleycz@uol.com.br,Female,35.185.226.217
469,Winnie,Gozzard,wgozzardd0@youtu.be,Male,90.159.66.70
470,Edmund,Bowra,ebowrad1@wikia.com,Male,205.254.198.247
471,Sunny,Sabben,ssabbend2@webs.com,Female,254.48.131.99
472,Brigitte,Bonelle,bbonelled3@squarespace.com,Female,107.210.255.197
473,Dale,Burburough,dburburoughd4@google.com.hk,Female,56.255.46.236
474,Cosmo,Sorby,csorbyd5@disqus.com,Male,24.90.67.149
475,Fayre,Tolworth,ftolworthd6@godaddy.com,Female,154.58.55.93
476,Weider,Barrick,wbarrickd7@theglobeandmail.com,Male,175.141.244.217
477,Gherardo,Bellis,gbellisd8@princeton.edu,Male,240.91.139.138
478,Shana,Crossdale,scrossdaled9@miibeian.gov.cn,Female,233.28.25.250
479,Valeda,Leader,vleaderda@google.com,Female,99.53.88.78
480,Moe,Eatherton,meathertondb@behance.net,Male,77.3.29.204
481,Rachael,Cambell,rcambelldc@home.pl,Female,28.138.18.223
482,Carrie,Caldicott,ccaldicottdd@addthis.com,Female,236.1.21.100
483,Katya,Sevior,kseviorde@google.cn,Female,224.44.132.23
484,Theda,Pechan,tpechandf@is.gd,Female,157.2.96.64
485,Candide,Dyers,cdyersdg@mail.ru,Female,75.56.78.85
486,Kitti,Fogel,kfogeldh@so-net.ne.jp,Female,42.64.62.181
487,Willi,Andren,wandrendi@amazon.com,Female,72.5.0.15
488,Janaye,Verman,jvermandj@arstechnica.com,Female,110.51.12.90
489,Abagail,Piddlesden,apiddlesdendk@4shared.com,Female,166.30.54.52
490,Durante,Ridpath,dridpathdl@wordpress.org,Male,200.73.246.25
491,Leicester,Bowater,lbowaterdm@issuu.com,Male,44.156.29.66
492,Rasla,Canelas,rcanelasdn@samsung.com,Female,159.102.152.44
493,Glennie,Trent,gtrentdo@friendfeed.com,Female,100.175.15.47
494,Yul,Maps,ymapsdp@dropbox.com,Male,58.29.76.198
495,Gram,Down,gdowndq@cnet.com,Male,168.59.203.23
496,Prentiss,Dunklee,pdunkleedr@vkontakte.ru,Male,21.250.4.216
497,Betsey,Dybell,bdybellds@si.edu,Female,15.42.47.212
498,Jesus,Othick,jothickdt@ibm.com,Male,118.128.206.100
499,Bruno,Whittlesey,bwhittleseydu@marriott.com,Male,198.53.30.13
500,Dolf,Rosario,drosariodv@auda.org.au,Male,113.77.135.227
501,Christian,Usborn,cusborndw@utexas.edu,Female,167.95.145.128
502,Dave,Bendtsen,dbendtsendx@histats.com,Male,237.30.113.60
503,Demetris,Fermoy,dfermoydy@independent.co.uk,Male,236.165.235.89
504,Quintina,Pablos,qpablosdz@sakura.ne.jp,Female,145.9.110.229
505,Lorrin,Titmarsh,ltitmarshe0@etsy.com,Female,19.251.210.33
506,Merle,Sailer,msailere1@tripod.com,Female,10.85.246.101
507,Jeni,Skillman,jskillmane2@japanpost.jp,Female,113.11.133.180
508,Amalea,O'Lagen,aolagene3@photobucket.com,Female,60.150.145.48
509,Nisse,Willingham,nwillinghame4@wix.com,Female,211.163.124.160
510,Trumaine,Bottomore,tbottomoree5@histats.com,Male,150.46.243.68
511,Dacie,O'Coskerry,docoskerrye6@twitter.com,Female,168.75.68.167
512,Hewett,Edyson,hedysone7@vistaprint.com,Male,189.188.192.207
513,Dale,Guidini,dguidinie8@weather.com,Female,143.18.20.227
514,Woodrow,Puttick,wputticke9@oaic.gov.au,Male,184.215.93.194
515,Starlin,Gillhespy,sgillhespyea@discuz.net,Female,116.51.185.115
516,Rosemarie,Chiswell,rchiswelleb@walmart.com,Female,21.70.145.213
517,Tami,Crosson,tcrossonec@archive.org,Female,5.73.7.0
518,Boonie,Malenfant,bmalenfanted@answers.com,Male,70.70.69.173
519,Catha,Bradborne,cbradborneee@admin.ch,Female,204.118.123.109
520,Talbot,Scoble,tscobleef@netvibes.com,Male,108.9.19.4
521,Chicky,Dilks,cdilkseg@typepad.com,Female,33.158.156.8
522,Gizela,Brahams,gbrahamseh@deliciousdays.com,Female,115.61.25.192
523,Antonino,Sayce,asayceei@feedburner.com,Male,17.112.97.240
524,Jammie,Mendes,jmendesej@who.int,Female,250.79.132.249
525,Stavros,Leighfield,sleighfieldek@vinaora.com,Male,239.206.13.148
526,Emily,Benda,ebendael@a8.net,Female,127.14.105.184
527,Quincy,Scoles,qscolesem@about.me,Male,57.169.129.139
528,Gery,Saggers,gsaggersen@un.org,Male,194.254.209.3
529,Cooper,Gregor,cgregoreo@si.edu,Male,122.140.233.147
530,Ciro,Follit,cfollitep@yellowbook.com,Male,239.140.197.66
531,Paula,Seebright,pseebrighteq@irs.gov,Female,102.42.133.254
532,Sargent,Willoughway,swilloughwayer@spotify.com,Male,199.203.58.173
533,Agneta,Kibbee,akibbeees@house.gov,Female,64.8.129.45
534,Pate,Kebbell,pkebbellet@dell.com,Male,110.57.0.219
535,Clara,Mattheis,cmattheiseu@state.tx.us,Female,143.109.140.231
536,Kin,Connikie,kconnikieev@nhs.uk,Male,90.209.121.142
537,Bartlett,Ahrens,bahrensew@nifty.com,Male,228.191.215.47
538,Hedwiga,Bedbrough,hbedbroughex@w3.org,Female,21.158.101.245
539,Michaella,Putman,mputmaney@latimes.com,Female,112.248.23.253
540,Gilberto,Jenicke,gjenickeez@t-online.de,Male,5.229.176.90
541,Lenette,Casoni,lcasonif0@state.gov,Female,243.74.85.93
542,Diandra,Wenderott,dwenderottf1@aboutads.info,Female,147.157.107.24
543,Beitris,Walsh,bwalshf2@nsw.gov.au,Female,69.161.168.242
544,Lonna,MacCaffery,lmaccafferyf3@hhs.gov,Female,30.193.103.84
545,Celisse,Timperley,ctimperleyf4@utexas.edu,Female,20.253.61.142
546,Consolata,McLaine,cmclainef5@dailymotion.com,Female,167.155.167.244
547,Deeann,Hutley,dhutleyf6@taobao.com,Female,137.160.126.178
548,Harmonia,Livett,hlivettf7@google.ru,Female,163.223.174.151
549,April,Laxe,alaxef8@chronoengine.com,Female,12.12.169.175
550,Donall,Jansema,djansemaf9@nytimes.com,Male,62.80.236.139
551,Arvin,Normanvill,anormanvillfa@constantcontact.com,Male,0.110.95.31
552,Sibyl,Dow,sdowfb@sakura.ne.jp,Female,228.233.216.5
553,Shara,Malenoir,smalenoirfc@canalblog.com,Female,16.45.245.102
554,Jens,Saby,jsabyfd@parallels.com,Male,53.103.201.188
555,Arlan,Thom,athomfe@slashdot.org,Male,219.51.62.8
556,Ginny,Bromehead,gbromeheadff@nhs.uk,Female,211.55.141.12
557,Euell,Kwiek,ekwiekfg@adobe.com,Male,116.231.10.224
558,Elijah,Aldersley,ealdersleyfh@xrea.com,Male,168.64.183.240
559,Jessika,Coleford,jcolefordfi@jiathis.com,Female,35.197.136.234
560,Lurlene,Vinden,lvindenfj@addthis.com,Female,60.221.117.175
561,Sterling,McKerlie,smckerliefk@ca.gov,Male,197.58.170.21
562,Ronda,Itzhaiek,ritzhaiekfl@rediff.com,Female,204.179.107.113
563,Shaine,Wringe,swringefm@cnn.com,Male,155.84.189.208
564,Jaime,Woolforde,jwoolfordefn@booking.com,Female,238.101.139.4
565,Joy,Benbrick,jbenbrickfo@telegraph.co.uk,Female,232.61.6.66
566,Talia,Grindell,tgrindellfp@mapy.cz,Female,79.48.7.246
567,Bekki,Brenard,bbrenardfq@parallels.com,Female,81.210.59.82
568,Ian,Lewson,ilewsonfr@rediff.com,Male,80.161.11.155
569,Trey,Faiers,tfaiersfs@feedburner.com,Male,105.117.52.16
570,Teodora,Gaskall,tgaskallft@whitehouse.gov,Female,181.68.65.220
571,Linn,Mapson,lmapsonfu@ameblo.jp,Male,75.65.18.249
572,Tome,Colman,tcolmanfv@a8.net,Male,161.123.160.153
573,Terri,Ragate,tragatefw@naver.com,Male,204.11.186.5
574,Abbey,Lamont,alamontfx@aol.com,Male,131.86.254.252
575,Adey,McDonnell,amcdonnellfy@constantcontact.com,Female,25.214.67.8
576,Tedi,Youd,tyoudfz@yelp.com,Female,163.160.72.0
577,Aldric,Cheney,acheneyg0@cbsnews.com,Male,201.254.246.119
578,Lonni,Dunmore,ldunmoreg1@g.co,Female,169.16.201.182
579,Myrtice,Dillicate,mdillicateg2@squarespace.com,Female,175.100.41.170
580,Ced,Rayer,crayerg3@de.vu,Male,168.28.225.66
581,Portie,Hawkswell,phawkswellg4@clickbank.net,Male,140.22.177.163
582,Sutton,Hakonsen,shakonseng5@vkontakte.ru,Male,151.186.230.95
583,Prentiss,Andriuzzi,pandriuzzig6@dedecms.com,Male,144.66.161.232
584,Kathy,Neave,kneaveg7@so-net.ne.jp,Female,158.94.67.184
585,Karly,Guierre,kguierreg8@apple.com,Female,20.69.124.52
586,Regan,Nenci,rnencig9@facebook.com,Female,104.194.102.95
587,Brannon,Bentke,bbentkega@edublogs.org,Male,220.218.171.65
588,Isador,Cody,icodygb@springer.com,Male,124.38.81.205
589,Anthony,Cisec,acisecgc@wsj.com,Male,78.57.179.20
590,Franky,Guilfoyle,fguilfoylegd@blogspot.com,Female,85.170.121.21
591,Audrye,Hourstan,ahourstange@webs.com,Female,24.173.112.109
592,Homerus,Chadburn,hchadburngf@devhub.com,Male,227.8.42.225
593,Cordelia,Gaitskill,cgaitskillgg@usgs.gov,Female,177.133.3.215
594,Dorene,Crose,dcrosegh@vistaprint.com,Female,107.23.199.243
595,Cicely,Flecknell,cflecknellgi@ucla.edu,Female,240.191.253.48
596,Seward,Afield,safieldgj@quantcast.com,Male,223.235.199.4
597,Dee dee,Daybell,ddaybellgk@weebly.com,Female,65.192.87.217
598,Emili,Hierro,ehierrogl@spotify.com,Female,155.137.94.26
599,Theda,Simunek,tsimunekgm@a8.net,Female,170.204.50.88
600,Silas,Ebbs,sebbsgn@paginegialle.it,Male,122.234.98.187
601,Karissa,Ibell,kibellgo@google.ca,Female,195.111.195.132
602,Bailey,Foort,bfoortgp@redcross.org,Male,32.142.87.104
603,Renelle,McJerrow,rmcjerrowgq@is.gd,Female,98.5.221.75
604,Brandie,Dixcey,bdixceygr@blinklist.com,Female,219.181.60.99
605,North,Hinstock,nhinstockgs@businesswire.com,Male,0.130.17.50
606,Sarge,Deeprose,sdeeprosegt@seattletimes.com,Male,93.215.65.174
607,Kyle,Gratrex,kgratrexgu@ftc.gov,Female,217.248.12.168
608,Keary,Canceller,kcancellergv@baidu.com,Male,192.199.29.67
609,Elliot,Klehyn,eklehyngw@bing.com,Male,37.87.34.213
610,Darelle,MacTerlagh,dmacterlaghgx@toplist.cz,Female,118.21.229.123
611,Hagen,Gabbetis,hgabbetisgy@t.co,Male,216.86.164.152
612,Karen,Millhill,kmillhillgz@unesco.org,Female,239.90.100.235
613,Noah,Eccleston,necclestonh0@google.co.uk,Male,35.11.212.215
614,Rennie,Ackenson,rackensonh1@ameblo.jp,Female,53.108.43.101
615,Annabell,Tuhy,atuhyh2@guardian.co.uk,Female,22.213.5.158
616,Normy,Fache,nfacheh3@liveinternet.ru,Male,72.40.30.74
617,Lorrie,Doughtery,ldoughteryh4@hubpages.com,Female,248.107.235.65
618,Gerti,Able,gableh5@marketwatch.com,Female,60.116.95.6
619,Scottie,Canto,scantoh6@artisteer.com,Male,148.235.2.87
620,Jenn,Popeley,jpopeleyh7@sciencedaily.com,Female,192.82.114.194
621,Hube,Gipps,hgippsh8@nationalgeographic.com,Male,129.27.201.7
622,Candis,Gilliland,cgillilandh9@diigo.com,Female,78.171.250.191
623,Lusa,Beagles,lbeaglesha@xing.com,Female,49.190.100.111
624,Tomlin,Dundridge,tdundridgehb@about.com,Male,186.22.178.195
625,Lyndel,Burnage,lburnagehc@so-net.ne.jp,Female,88.10.7.86
626,Brittne,Bleckly,bblecklyhd@friendfeed.com,Female,4.183.210.209
627,Grant,Brodley,gbrodleyhe@163.com,Male,42.136.90.0
628,Ardith,Eouzan,aeouzanhf@ocn.ne.jp,Female,55.240.121.147
629,Delmor,Tolfrey,dtolfreyhg@tinypic.com,Male,41.184.46.2
630,Kimbell,Quarrell,kquarrellhh@shinystat.com,Male,215.92.133.24
631,Beatrisa,Smithson,bsmithsonhi@skyrock.com,Female,156.62.33.172
632,Rollo,Geeves,rgeeveshj@hexun.com,Male,49.100.173.232
633,Lynett,Alp,lalphk@ebay.co.uk,Female,131.241.127.61
634,Dex,Mattiassi,dmattiassihl@sitemeter.com,Male,225.107.79.213
635,Patricia,Deble,pdeblehm@cisco.com,Female,178.46.141.229
636,Coleman,Gentzsch,cgentzschhn@tripadvisor.com,Male,13.166.205.221
637,Alford,Phillipson,aphillipsonho@networkadvertising.org,Male,194.190.240.166
638,Mitzi,Bezemer,mbezemerhp@census.gov,Female,140.177.32.92
639,Shawn,Goatman,sgoatmanhq@bloglovin.com,Female,69.81.8.125
640,Fairleigh,Armatys,farmatyshr@va.gov,Male,165.98.16.239
641,Deeyn,Espasa,despasahs@howstuffworks.com,Female,173.195.30.34
642,Marcus,Alves,malvesht@webmd.com,Male,246.161.180.105
643,Angie,Ladel,aladelhu@nationalgeographic.com,Male,171.68.216.12
644,Chrissy,Denmead,cdenmeadhv@oakley.com,Female,217.206.24.236
645,Benedick,Blazejewski,bblazejewskihw@marriott.com,Male,124.179.167.64
646,Redford,Dodson,rdodsonhx@cbsnews.com,Male,118.215.146.29
647,Kiele,Spooner,kspoonerhy@angelfire.com,Female,23.91.70.246
648,Oran,Toretta,otorettahz@pen.io,Male,229.246.11.45
649,Freddie,Poley,fpoleyi0@boston.com,Female,42.12.214.166
650,Daisie,Lait,dlaiti1@techcrunch.com,Female,31.106.208.156
651,Caesar,Lye,clyei2@icio.us,Male,45.228.31.254
652,Yasmeen,Seleway,yselewayi3@ebay.co.uk,Female,248.234.112.98
653,Eleanore,Lorkin,elorkini4@mediafire.com,Female,155.237.192.189
654,Dianne,McMinn,dmcminni5@cisco.com,Female,194.89.233.216
655,Geoff,Alphonso,galphonsoi6@biblegateway.com,Male,213.180.128.19
656,Arliene,Cubley,acubleyi7@myspace.com,Female,91.136.215.141
657,Beatrice,Waltering,bwalteringi8@unc.edu,Female,119.64.44.144
658,Haven,Chapiro,hchapiroi9@nbcnews.com,Male,26.220.58.167
659,Vivianna,Houseley,vhouseleyia@networksolutions.com,Female,94.114.146.199
660,Jojo,Chidlow,jchidlowib@taobao.com,Female,200.232.98.33
661,Salvador,Bracher,sbracheric@zdnet.com,Male,203.39.44.146
662,Michaella,Thicking,mthickingid@scribd.com,Female,21.116.139.194
663,Toby,Eickhoff,teickhoffie@marketwatch.com,Female,249.192.210.227
664,Celestina,Lepere,clepereif@hhs.gov,Female,36.203.31.70
665,Natale,Dykes,ndykesig@1688.com,Male,26.0.202.107
666,Jaymie,Worlidge,jworlidgeih@cmu.edu,Male,149.121.89.246
667,Sansone,Torre,storreii@house.gov,Male,110.217.49.84
668,Nickolaus,Bernakiewicz,nbernakiewiczij@behance.net,Male,102.91.195.180
669,Bennett,Biernat,bbiernatik@topsy.com,Male,60.110.138.214
670,Erie,Lampbrecht,elampbrechtil@earthlink.net,Male,166.248.114.1
671,Kamilah,Colum,kcolumim@wp.com,Female,30.115.185.39
672,Gene,Wilkenson,gwilkensonin@google.ru,Female,41.4.57.156
673,Karole,Stenett,kstenettio@trellian.com,Female,47.189.5.160
674,Catarina,Farndell,cfarndellip@nps.gov,Female,147.15.228.129
675,Leia,Sunderland,lsunderlandiq@biglobe.ne.jp,Female,192.251.211.28
676,Giffard,Stockport,gstockportir@unicef.org,Male,126.202.117.215
677,Rebecca,Chotty,rchottyis@businessinsider.com,Female,199.222.187.180
678,Chilton,Iwanicki,ciwanickiit@google.com.br,Male,23.54.104.228
679,Rolando,Meadway,rmeadwayiu@illinois.edu,Male,43.175.10.124
680,Evelina,Lowndesbrough,elowndesbroughiv@joomla.org,Female,221.27.83.107
681,Salomone,Meric,smericiw@google.com.hk,Male,100.205.30.137
682,Burnaby,Salvadori,bsalvadoriix@g.co,Male,171.207.125.50
683,Eloise,Dolle,edolleiy@delicious.com,Female,124.217.162.49
684,Thorny,Mounter,tmounteriz@ebay.com,Male,192.182.219.203
685,Flossie,Bustin,fbustinj0@globo.com,Female,78.149.163.137
686,Harwell,Obert,hobertj1@mlb.com,Male,243.64.132.34
687,Mureil,Bentham3,mbenthamj2@printfriendly.com,Female,107.165.240.137
688,Lenore,Swindles,lswindlesj3@bloglovin.com,Female,238.93.119.5
689,Dasi,Burnet,dburnetj4@fotki.com,Female,245.185.50.50
690,Melessa,Ben-Aharon,mbenaharonj5@ftc.gov,Female,152.147.246.12
691,Abelard,Dew,adewj6@microsoft.com,Male,20.11.235.183
692,Allyn,Kennady,akennadyj7@vk.com,Female,182.191.127.25
693,Judd,Mogey,jmogeyj8@mapy.cz,Male,210.90.154.63
694,Terra,Savege,tsavegej9@behance.net,Female,91.90.68.48
695,Bette-ann,Vale,bvaleja@pcworld.com,Female,83.136.87.196
696,Margaretta,Inkpen,minkpenjb@washington.edu,Female,223.97.197.15
697,Lisetta,Wibberley,lwibberleyjc@bigcartel.com,Female,104.66.96.118
698,Jack,Hesey,jheseyjd@quantcast.com,Male,241.156.87.39
699,Riva,Gladeche,rgladecheje@cocolog-nifty.com,Female,47.130.212.10
700,Llywellyn,Dancer,ldancerjf@naver.com,Male,55.36.205.149
701,Stormi,Wittering,switteringjg@linkedin.com,Female,8.123.38.34
702,Brad,Poleykett,bpoleykettjh@smugmug.com,Male,144.235.12.48
703,Harmonie,Avramchik,havramchikji@google.pl,Female,69.19.74.203
704,Midge,Cesaric,mcesaricjj@youtu.be,Female,109.130.40.101
705,Armin,Quayle,aquaylejk@ning.com,Male,26.193.202.54
706,Anna-diana,Guyton,aguytonjl@discovery.com,Female,174.108.231.227
707,Rodney,Livard,rlivardjm@google.com,Male,6.189.252.106
708,Kermie,Junkison,kjunkisonjn@wiley.com,Male,146.249.0.63
709,Roobbie,Kelsall,rkelsalljo@arizona.edu,Female,255.207.147.26
710,Aurel,Spenley,aspenleyjp@woothemes.com,Female,89.245.119.143
711,Nelson,Pinckney,npinckneyjq@yolasite.com,Male,247.49.169.114
712,Annamarie,Scotchmer,ascotchmerjr@privacy.gov.au,Female,209.204.75.165
713,Sander,Drewry,sdrewryjs@ed.gov,Male,156.246.191.101
714,Arnoldo,Kertess,akertessjt@dot.gov,Male,70.67.203.5
715,Ignacio,Escala,iescalaju@lulu.com,Male,115.8.98.0
716,Verile,Puig,vpuigjv@usgs.gov,Female,60.157.126.85
717,Marthena,Heavens,mheavensjw@etsy.com,Female,206.219.20.240
718,Arline,Olligan,aolliganjx@prlog.org,Female,193.207.237.190
719,Agnesse,Hartfleet,ahartfleetjy@illinois.edu,Female,124.236.109.251
720,Sam,Hullett,shullettjz@cafepress.com,Male,71.213.86.200
721,Clemence,MacAlroy,cmacalroyk0@dailymotion.com,Female,1.117.63.28
722,Nil,Gorini,ngorinik1@mysql.com,Male,10.131.39.252
723,Karlyn,Hyndman,khyndmank2@cpanel.net,Female,192.62.141.214
724,Courtnay,Boick,cboickk3@examiner.com,Male,198.27.150.126
725,Duff,Antonsen,dantonsenk4@nasa.gov,Male,1.246.80.251
726,Mathian,Holliar,mholliark5@yelp.com,Male,42.108.147.80
727,Perkin,Beckford,pbeckfordk6@sourceforge.net,Male,114.61.128.47
728,Chloe,MacGlory,cmacgloryk7@cyberchimps.com,Female,57.225.208.101
729,Nettie,Le feuvre,nlefeuvrek8@xrea.com,Female,47.109.165.200
730,Lanna,Halfhead,lhalfheadk9@plala.or.jp,Female,107.63.134.168
731,Rolfe,Queyeiro,rqueyeiroka@mlb.com,Male,58.251.50.25
732,Pyotr,Millmore,pmillmorekb@xinhuanet.com,Male,32.217.40.167
733,Bertie,Cupper,bcupperkc@wufoo.com,Female,1.100.181.5
734,Rochelle,Chetter,rchetterkd@china.com.cn,Female,233.116.43.95
735,Gray,Harriot,gharriotke@bbc.co.uk,Female,222.32.105.57
736,Giselbert,Dubique,gdubiquekf@ftc.gov,Male,50.216.143.167
737,Shanda,Goult,sgoultkg@hibu.com,Female,39.229.163.205
738,Lars,Pogue,lpoguekh@state.tx.us,Male,105.157.163.108
739,Joice,Alam,jalamki@dailymail.co.uk,Female,218.97.101.175
740,Ruperta,Auton,rautonkj@symantec.com,Female,246.238.239.229
741,Elihu,Girardetti,egirardettikk@aol.com,Male,155.36.210.203
742,Mortie,Fitzroy,mfitzroykl@ask.com,Male,151.93.138.159
743,Bernete,Whetton,bwhettonkm@hao123.com,Female,167.145.75.41
744,Kelsi,Houlden,khouldenkn@wisc.edu,Female,219.251.194.73
745,Tony,Sparshatt,tsparshattko@t.co,Male,138.193.72.117
746,Ewell,Petrou,epetroukp@foxnews.com,Male,28.66.51.179
747,Alec,Riddles,ariddleskq@tripadvisor.com,Male,190.56.230.113
748,Elsey,Keppie,ekeppiekr@latimes.com,Female,143.63.169.8
749,Buiron,Curnokk,bcurnokkks@ucsd.edu,Male,103.193.255.151
750,Legra,Alker,lalkerkt@alexa.com,Female,98.138.92.65
751,Osgood,Cottom,ocottomku@liveinternet.ru,Male,132.126.52.231
752,Billy,Madine,bmadinekv@lulu.com,Male,52.196.96.104
753,Georges,Baldwin,gbaldwinkw@youtube.com,Male,29.236.73.76
754,Shea,Farries,sfarrieskx@discovery.com,Female,213.240.206.96
755,Megan,Drysdall,mdrysdallky@moonfruit.com,Female,211.251.2.25
756,Shayne,Noulton,snoultonkz@1688.com,Female,198.223.193.237
757,Herrick,Marchiso,hmarchisol0@mail.ru,Male,231.14.225.253
758,Jessee,Tuting,jtutingl1@twitter.com,Male,75.123.190.173
759,Ardyce,Duval,aduvall2@artisteer.com,Female,141.88.216.9
760,Kerwinn,Cymper,kcymperl3@github.com,Male,227.106.95.37
761,Dyanna,Dunne,ddunnel4@biglobe.ne.jp,Female,70.85.63.189
762,Rollins,Hyndley,rhyndleyl5@loc.gov,Male,29.196.190.92
763,Inglis,France,ifrancel6@mayoclinic.com,Male,132.237.132.137
764,Lou,Yockley,lyockleyl7@bluehost.com,Female,55.162.5.95
765,Hilda,Markushkin,hmarkushkinl8@geocities.com,Female,213.209.55.2
766,Fowler,Streater,fstreaterl9@delicious.com,Male,14.235.151.56
767,Lewiss,Lindwall,llindwallla@dmoz.org,Male,14.196.25.152
768,Inness,Weekland,iweeklandlb@ca.gov,Male,41.44.144.105
769,Lars,Glanert,lglanertlc@wikispaces.com,Male,74.115.187.144
770,Michel,Fipp,mfippld@eepurl.com,Female,52.133.143.133
771,Maisie,Gledstane,mgledstanele@home.pl,Female,128.139.216.187
772,Alfie,Curedale,acuredalelf@aboutads.info,Female,79.51.189.184
773,Chilton,Scholling,cschollinglg@ehow.com,Male,161.194.155.68
774,Lind,MacConneely,lmacconneelylh@techcrunch.com,Female,24.44.66.233
775,Barty,Vinick,bvinickli@home.pl,Male,17.160.92.201
776,Jerrie,Antoney,jantoneylj@i2i.jp,Male,139.41.69.29
777,Lothaire,Mowling,lmowlinglk@abc.net.au,Male,80.106.138.123
778,Dasie,Blunderfield,dblunderfieldll@alibaba.com,Female,46.14.163.228
779,Roddy,Ivimey,rivimeylm@theatlantic.com,Male,10.198.237.154
780,Tyrus,Sandells,tsandellsln@ox.ac.uk,Male,7.38.111.217
781,Cyrill,Emmott,cemmottlo@wikimedia.org,Male,241.130.130.176
782,Nellie,Bartul,nbartullp@example.com,Female,137.44.183.99
783,Birk,Karlsson,bkarlssonlq@yellowbook.com,Male,250.102.20.243
784,Fonzie,August,faugustlr@intel.com,Male,69.211.75.8
785,Luca,Kennermann,lkennermannls@skype.com,Male,236.154.231.25
786,Chryste,McCrainor,cmccrainorlt@jiathis.com,Female,246.237.201.188
787,Lon,Zmitrovich,lzmitrovichlu@google.it,Male,244.110.237.200
788,Allard,Markie,amarkielv@youtu.be,Male,215.249.54.66
789,Horst,Nutty,hnuttylw@theguardian.com,Male,5.51.241.191
790,Elonore,Saterthwait,esaterthwaitlx@nhs.uk,Female,61.107.237.128
791,Maressa,Kleinholz,mkleinholzly@smugmug.com,Female,17.53.127.27
792,Gregoire,Duignan,gduignanlz@pagesperso-orange.fr,Male,205.224.36.81
793,Forrest,Pitrollo,fpitrollom0@washingtonpost.com,Male,241.129.182.58
794,Clarisse,Wherry,cwherrym1@census.gov,Female,160.118.84.170
795,Ferd,Bunting,fbuntingm2@tripod.com,Male,107.174.220.98
796,Evangelia,Culcheth,eculchethm3@diigo.com,Female,15.63.3.250
797,Norene,Alsopp,nalsoppm4@123-reg.co.uk,Female,133.88.211.65
798,Willamina,Procter,wprocterm5@prweb.com,Female,238.95.221.95
799,Morlee,Aldwinckle,maldwincklem6@flickr.com,Male,38.141.39.169
800,Averill,Ducrow,aducrowm7@paypal.com,Male,44.39.250.179
801,Walton,Soppeth,wsoppethm8@dailymail.co.uk,Male,108.210.189.187
802,Sylvia,Foran,sforanm9@squidoo.com,Female,92.221.180.82
803,Nomi,MacPadene,nmacpadenema@youtube.com,Female,101.18.20.253
804,Nerita,Bremmell,nbremmellmb@si.edu,Female,133.40.82.198
805,Waite,Learmonth,wlearmonthmc@sogou.com,Male,79.92.57.118
806,Aleksandr,Parsand,aparsandmd@blog.com,Male,96.12.149.185
807,Aube,Maytum,amaytumme@whitehouse.gov,Male,48.51.35.211
808,Pepe,Martelet,pmarteletmf@sakura.ne.jp,Male,16.163.144.24
809,Agnesse,Janos,ajanosmg@salon.com,Female,119.32.5.82
810,Robinson,Brazelton,rbrazeltonmh@prweb.com,Male,109.230.250.34
811,Carry,Kingscote,ckingscotemi@hexun.com,Female,162.239.253.152
812,Marijo,Bentall,mbentallmj@quantcast.com,Female,149.12.161.249
813,Nadya,Gomme,ngommemk@youtu.be,Female,39.114.1.251
814,Nolana,Hillburn,nhillburnml@shinystat.com,Female,169.38.174.50
815,Duke,Dewsbury,ddewsburymm@latimes.com,Male,116.22.234.85
816,Crista,Campos,ccamposmn@amazon.com,Female,133.14.34.23
817,Odelia,Bolmann,obolmannmo@google.com.br,Female,253.136.6.42
818,Diane,Straun,dstraunmp@cocolog-nifty.com,Female,178.180.192.150
819,Maddy,Haszard,mhaszardmq@newyorker.com,Male,191.205.171.194
820,Brinna,Bigham,bbighammr@stumbleupon.com,Female,89.210.172.24
821,Isadora,Torrans,itorransms@amazon.co.jp,Female,144.142.104.161
822,Alix,Lamburn,alamburnmt@storify.com,Female,75.28.171.185
823,Korney,Boarer,kboarermu@vinaora.com,Female,50.135.212.191
824,Cosette,Chesswas,cchesswasmv@free.fr,Female,81.88.57.196
825,Tannie,Ruecastle,truecastlemw@usnews.com,Male,5.102.233.206
826,Oliver,Allen,oallenmx@comsenz.com,Male,233.169.31.207
827,Leigh,Dutnall,ldutnallmy@cpanel.net,Male,199.195.199.107
828,Hagan,Beuscher,hbeuschermz@netlog.com,Male,135.17.191.10
829,Tiphany,Olliff,tolliffn0@ftc.gov,Female,91.125.53.107
830,Lowe,Aizikovitch,laizikovitchn1@scribd.com,Male,236.204.34.245
831,Bili,Arnaldi,barnaldin2@sun.com,Female,81.247.241.214
832,Amandi,Godson,agodsonn3@paypal.com,Female,170.130.86.222
833,Kaylil,Vondracek,kvondracekn4@blogger.com,Female,237.174.199.105
834,Alysia,Sansbury,asansburyn5@cafepress.com,Female,170.93.243.222
835,Patty,Hartropp,phartroppn6@wikia.com,Female,8.105.229.92
836,Evelin,Duinbleton,eduinbletonn7@youku.com,Male,246.141.246.82
837,Toiboid,Franc,tfrancn8@geocities.com,Male,9.35.100.108
838,Shannan,Winsbury,swinsburyn9@umn.edu,Male,121.39.116.81
839,Ludwig,Shortall,lshortallna@reuters.com,Male,28.141.206.93
840,Carce,Leonardi,cleonardinb@census.gov,Male,136.28.139.251
841,Lorna,Scarsbrooke,lscarsbrookenc@elegantthemes.com,Female,92.226.18.190
842,Ange,Cornier,acorniernd@jalbum.net,Female,147.90.217.58
843,Dore,McGawn,dmcgawnne@dedecms.com,Male,243.72.237.151
844,Kyle,Mayer,kmayernf@soundcloud.com,Male,166.4.38.232
845,Kerwin,Dymocke,kdymockeng@nasa.gov,Male,134.151.30.163
846,Sunshine,Silkstone,ssilkstonenh@adobe.com,Female,250.184.148.46
847,Shelli,Behrens,sbehrensni@themeforest.net,Female,120.18.217.104
848,Gloria,Capener,gcapenernj@infoseek.co.jp,Female,67.97.238.108
849,Jules,Hirsthouse,jhirsthousenk@mapquest.com,Male,200.234.100.105
850,Lindon,Richemond,lrichemondnl@wired.com,Male,151.11.126.137
851,Arny,Arkell,aarkellnm@wordpress.com,Male,247.241.189.220
852,Quintin,Matijevic,qmatijevicnn@biblegateway.com,Male,210.182.253.207
853,Candice,Mougenel,cmougenelno@dedecms.com,Female,141.224.251.105
854,Ferris,Champkin,fchampkinnp@engadget.com,Male,237.8.172.203
855,Dillon,Devers,ddeversnq@usgs.gov,Male,45.71.120.79
856,Gunner,Conkey,gconkeynr@mapy.cz,Male,133.128.7.77
857,Alexis,Pickering,apickeringns@tinypic.com,Female,209.57.34.130
858,Myrwyn,Wilden,mwildennt@guardian.co.uk,Male,200.88.136.67
859,Franny,McLinden,fmclindennu@cam.ac.uk,Female,188.127.128.80
860,Libbey,Winslade,lwinsladenv@zimbio.com,Female,227.6.37.150
861,Maury,Lindblom,mlindblomnw@patch.com,Male,191.223.199.148
862,Joscelin,Clyant,jclyantnx@paginegialle.it,Female,215.57.60.160
863,Mandy,Van Driel,mvandrielny@time.com,Female,120.111.135.229
864,Erin,Wiffler,ewifflernz@webnode.com,Male,97.233.61.186
865,Bartlet,Galpen,bgalpeno0@bloomberg.com,Male,2.81.102.180
866,Edan,Vassall,evassallo1@xrea.com,Male,215.132.55.128
867,Garrek,Juhruke,gjuhrukeo2@skype.com,Male,135.58.67.50
868,Vaclav,Eby,vebyo3@scribd.com,Male,124.235.219.72
869,Briggs,Van Der Weedenburg,bvanderweedenburgo4@purevolume.com,Male,248.225.20.165
870,Barclay,Cottesford,bcottesfordo5@google.it,Male,148.4.4.121
871,Zilvia,Aves,zaveso6@1und1.de,Female,70.188.44.39
872,Ethe,Wolford,ewolfordo7@howstuffworks.com,Male,157.116.84.171
873,Coop,Benz,cbenzo8@craigslist.org,Male,245.68.169.143
874,Friedrick,Cornelleau,fcornelleauo9@digg.com,Male,202.187.106.36
875,Wilhelm,Vella,wvellaoa@princeton.edu,Male,227.65.169.102
876,Gerri,Lowers,glowersob@microsoft.com,Male,61.145.185.2
877,Neville,Holah,nholahoc@timesonline.co.uk,Male,103.133.2.255
878,Ulrick,Inglesfield,uinglesfieldod@usa.gov,Male,142.153.182.173
879,Antonia,Harriott,aharriottoe@addtoany.com,Female,228.15.187.113
880,Devi,Elmer,delmerof@arizona.edu,Female,111.27.101.177
881,Waiter,Saturley,wsaturleyog@walmart.com,Male,3.64.87.106
882,Carly,Goodale,cgoodaleoh@biblegateway.com,Male,99.184.248.158
883,Robenia,O'Loinn,roloinnoi@guardian.co.uk,Female,146.99.73.223
884,Pepi,McColl,pmccolloj@amazonaws.com,Female,211.176.1.154
885,Morton,Doherty,mdohertyok@yandex.ru,Male,197.201.250.50
886,Janene,Damrell,jdamrellol@digg.com,Female,219.43.62.150
887,Arty,O' Mullan,aomullanom@privacy.gov.au,Male,112.130.0.172
888,Jessamine,Sowter,jsowteron@google.com.au,Female,3.111.87.27
889,Tommy,Arnot,tarnotoo@ca.gov,Male,43.168.97.241
890,Lawry,Ince,linceop@auda.org.au,Male,238.38.249.241
891,Audrie,Mansfield,amansfieldoq@lulu.com,Female,204.254.36.149
892,Cally,Iannazzi,ciannazzior@hud.gov,Female,145.35.181.252
893,Netti,McCaughen,nmccaughenos@ed.gov,Female,41.148.83.128
894,Ignazio,MacEllen,imacellenot@si.edu,Male,151.234.122.91
895,Margot,Maffulli,mmaffulliou@salon.com,Female,245.24.212.43
896,Keane,Dikes,kdikesov@t.co,Male,79.9.87.115
897,Lesli,Gregorowicz,lgregorowiczow@reference.com,Female,125.45.89.187
898,Shadow,Wildt,swildtox@guardian.co.uk,Male,0.248.102.6
899,Mannie,Timson,mtimsonoy@edublogs.org,Male,157.100.152.32
900,Ainslee,Golston,agolstonoz@earthlink.net,Female,188.202.17.90
901,Micheal,Londesborough,mlondesboroughp0@desdev.cn,Male,3.236.115.87
902,Julianne,Burstow,jburstowp1@naver.com,Female,217.16.7.239
903,Trix,Blaschek,tblaschekp2@umn.edu,Female,121.81.106.142
904,Coretta,Gothliff,cgothliffp3@blogger.com,Female,2.96.123.208
905,Donal,Goodlud,dgoodludp4@businessweek.com,Male,181.85.79.137
906,Giustina,Chilver,gchilverp5@typepad.com,Female,237.96.129.187
907,Tammie,Tarburn,ttarburnp6@hc360.com,Male,112.181.245.89
908,Sydney,Stroder,sstroderp7@barnesandnoble.com,Male,244.121.114.159
909,Normy,Dibling,ndiblingp8@ifeng.com,Male,179.45.244.162
910,Anallese,McIlveen,amcilveenp9@ft.com,Female,157.137.124.100
911,Gerhardine,Standon,gstandonpa@gizmodo.com,Female,77.115.241.157
912,Harmony,Sumsion,hsumsionpb@about.me,Female,237.217.2.255
913,Yoko,Knappitt,yknappittpc@fc2.com,Female,15.189.166.238
914,Saraann,Bezants,sbezantspd@behance.net,Female,175.70.146.157
915,Bel,Frede,bfredepe@theguardian.com,Female,150.68.89.189
916,Garvin,Weiss,gweisspf@furl.net,Male,235.82.188.127
917,Lindsy,Halwood,lhalwoodpg@hubpages.com,Female,223.65.136.215
918,Shelagh,Habgood,shabgoodph@kickstarter.com,Female,224.52.18.228
919,Merill,Duke,mdukepi@amazon.co.jp,Male,138.245.69.123
920,Kane,Fellows,kfellowspj@desdev.cn,Male,89.107.0.83
921,Annora,Koch,akochpk@microsoft.com,Female,205.173.15.155
922,Tildie,MacParlan,tmacparlanpl@topsy.com,Female,198.41.90.16
923,Tadeas,Alred,talredpm@jiathis.com,Male,141.166.109.189
924,Jess,Segges,jseggespn@163.com,Male,170.70.34.57
925,Hope,Pfertner,hpfertnerpo@myspace.com,Female,230.174.79.210
926,Adolphus,Spadaro,aspadaropp@wufoo.com,Male,52.182.75.124
927,Juliann,Sodeau,jsodeaupq@hc360.com,Female,215.39.231.73
928,Phaedra,Gossipin,pgossipinpr@va.gov,Female,157.255.94.114
929,Ashlie,Stanlock,astanlockps@icq.com,Female,158.86.176.71
930,Rici,Melsome,rmelsomept@weebly.com,Female,111.241.0.148
931,Talyah,Girodon,tgirodonpu@dyndns.org,Female,229.84.230.65
932,Christye,Coatham,ccoathampv@usgs.gov,Female,55.61.148.249
933,Collen,MacAllan,cmacallanpw@seattletimes.com,Female,9.62.35.119
934,Minette,Syrie,msyriepx@whitehouse.gov,Female,199.189.253.239
935,Linnie,Pennetta,lpennettapy@flickr.com,Female,250.212.221.76
936,Rene,Channing,rchanningpz@lycos.com,Female,247.38.243.121
937,Cora,Viant,cviantq0@twitter.com,Female,90.221.100.33
938,Tobin,Golbourn,tgolbournq1@pen.io,Male,43.65.97.249
939,Henryetta,Ivan,hivanq2@webs.com,Female,16.124.37.152
940,Hayyim,Jiri,hjiriq3@salon.com,Male,240.201.29.141
941,Locke,MacCarter,lmaccarterq4@google.co.jp,Male,210.164.167.119
942,Lindy,Mellem,lmellemq5@techcrunch.com,Female,4.220.37.8
943,Dacy,Aubri,daubriq6@apple.com,Female,158.178.43.142
944,Neil,Dominichelli,ndominichelliq7@businessweek.com,Male,239.3.124.244
945,Donella,Glavis,dglavisq8@vk.com,Female,149.217.106.178
946,Angel,Rixon,arixonq9@hatena.ne.jp,Male,237.144.25.50
947,Susanetta,MacRonald,smacronaldqa@seesaa.net,Female,92.226.83.222
948,Justus,McIlwain,jmcilwainqb@webnode.com,Male,207.74.186.109
949,Monica,Skyrm,mskyrmqc@typepad.com,Female,193.107.108.206
950,Patty,Wooland,pwoolandqd@nymag.com,Male,86.104.84.45
951,Helene,Peschke,hpeschkeqe@odnoklassniki.ru,Female,10.27.103.132
952,Carlie,Glamart,cglamartqf@w3.org,Female,223.31.13.33
953,Marci,Gritsaev,mgritsaevqg@howstuffworks.com,Female,54.60.71.236
954,Anett,Paulus,apaulusqh@europa.eu,Female,111.85.136.82
955,Vannie,Eytel,veytelqi@nbcnews.com,Female,204.234.147.239
956,Camilla,Shingler,cshinglerqj@patch.com,Female,168.198.91.248
957,Field,Beetlestone,fbeetlestoneqk@scribd.com,Male,52.3.191.84
958,Wilbur,Lyon,wlyonql@sourceforge.net,Male,118.253.185.110
959,Brandais,Petrulis,bpetrulisqm@quantcast.com,Female,105.57.73.87
960,Emmerich,Sallter,esallterqn@geocities.com,Male,244.93.194.102
961,Nap,Etock,netockqo@twitter.com,Male,121.181.250.43
962,Philip,Ranby,pranbyqp@is.gd,Male,14.108.163.23
963,Lou,Challoner,lchallonerqq@feedburner.com,Female,208.52.167.56
964,Ennis,Mathwin,emathwinqr@eepurl.com,Male,8.162.242.177
965,Daryle,Gors,dgorsqs@usatoday.com,Male,155.83.51.107
966,Lew,Aitkin,laitkinqt@sfgate.com,Male,251.140.23.157
967,Hervey,Trevethan,htrevethanqu@who.int,Male,222.163.88.11
968,Ian,Thornton-Dewhirst,ithorntondewhirstqv@slideshare.net,Male,86.93.113.252
969,Ashley,Lattin,alattinqw@sbwire.com,Male,79.81.58.233
970,Morgan,Mebius,mmebiusqx@auda.org.au,Male,124.58.84.7
971,Korrie,Leavens,kleavensqy@berkeley.edu,Female,159.5.66.124
972,Edsel,Choupin,echoupinqz@yandex.ru,Male,195.97.125.67
973,Barton,Slyman,bslymanr0@miitbeian.gov.cn,Male,159.122.184.158
974,Noam,Legges,nleggesr1@cbsnews.com,Male,98.146.230.249
975,Isidoro,Trusdale,itrusdaler2@vistaprint.com,Male,217.89.167.19
976,Shaine,Echalie,sechalier3@utexas.edu,Male,31.161.206.54
977,Velma,Lumm,vlummr4@smugmug.com,Female,53.162.101.77
978,Dalton,Colchett,dcolchettr5@java.com,Male,149.226.246.200
979,Kristel,Lehrahan,klehrahanr6@washingtonpost.com,Female,101.250.187.187
980,Chrysa,Checci,ccheccir7@vinaora.com,Female,37.122.48.19
981,Deidre,Halcro,dhalcror8@yale.edu,Female,114.248.76.238
982,Berthe,Voisey,bvoiseyr9@cdc.gov,Female,98.205.54.10
983,Larine,Rubinfeld,lrubinfeldra@homestead.com,Female,105.72.216.116
984,Erinn,Yaldren,eyaldrenrb@abc.net.au,Female,131.178.227.55
985,Hedi,Yair,hyairrc@eventbrite.com,Female,121.118.181.111
986,Lydie,Stoeckle,lstoecklerd@time.com,Female,181.85.155.14
987,Gabbi,Ager,gagerre@dot.gov,Female,222.43.197.17
988,Niles,Fogel,nfogelrf@berkeley.edu,Male,196.73.10.248
989,Krispin,Schrei,kschreirg@sitemeter.com,Male,236.105.238.30
990,Mohandas,Vanyutin,mvanyutinrh@fotki.com,Male,176.249.64.80
991,Westbrook,Wodham,wwodhamri@noaa.gov,Male,18.134.217.61
992,Percy,Meace,pmeacerj@goodreads.com,Male,216.106.40.83
993,Stanislaw,Easey,seaseyrk@businessweek.com,Male,5.115.152.238
994,Giorgio,Curnok,gcurnokrl@behance.net,Male,71.132.40.226
995,Corbet,Munnis,cmunnisrm@nifty.com,Male,128.143.111.102
996,Bobbie,Newling,bnewlingrn@state.gov,Male,124.145.27.46
997,Heda,Divina,hdivinaro@moonfruit.com,Female,247.25.154.152
998,Moria,Chippin,mchippinrp@nsw.gov.au,Female,196.188.192.150
999,Adena,Seeviour,aseeviourrq@devhub.com,Female,187.167.3.60
1000,Merwyn,Woakes,mwoakesrr@redcross.org,Male,156.119.44.199
